,影片名,评论内容,评论人,推荐星数,有用数
0,战长沙,"这篇剧评可能有剧透

                        （喜欢影评的朋友，欢迎大家关注我的微博：蓟城君） http://weibo.com/u/2626651055  最近几年的抗日剧和清宫戏一直在争奇斗雷，大概是由于之前大家对清宫戏的吐槽不遗余力而忽视了抗日剧的潜力，致使抗日剧默默在角落里发育成了一只哥斯拉。也对，自从中国有了电视剧这东西，...

                        ?(展开)",蓟城君,力荐,3807
1,战长沙,"这篇剧评可能有剧透

                              从一年多前看到这部剧的片花，我便决定一定要好好追这部剧，从片花里头，我从故事、剪辑、演员和画面上都看到了很高的诚意。当片花播尽，片名出来，《战长沙》，底下便是这句：每一个向死而行的生命都在热烈的生长。       我不会忘记我第一次看到这句话时的震撼。战争片...

                        ?(展开)",想飞的乌龟仔,力荐,2323
2,战长沙,"作为一个湖南人，一个抗战军属后裔，看《战长沙》的感觉完全不一样，七十多年前的那场发生在我们本土的战争，呈现的都是熟悉的故地，那些熟悉的城镇、熟悉的地名，都是我的先辈用生命和热血捍卫过的祖宗之地，这种割舍不断的地域亲情让人无法置身其外。  其实一开始我是很浅显...

                        ?(展开)",阿汤,力荐,1094
3,战长沙,"剧终人散，是现今大多数人看完不少影视作品的现实写照，前提还得是那些能让人耐着性子看完的剧，方有人散于剧终的说法。更甚者，剧还远未落幕，看戏的大众或被雷或被}的速度逃离现场，一边抖落着满身鸡皮疙瘩、捋顺倒立的汗毛，一边恨不得自戳双目、记忆清零，自我催眠我...

                        ?(展开)",海城小璐,力荐,697
4,战长沙,"这篇剧评可能有剧透

                        @不是影u！！！（教练！我想成为一篇可口的厕所读物！！！） =====首先是B度立霰砻饕幌拢何以以樽约菏且幻陡呃涞娜诊，自]了清明才JR到，我只不^是一w\的。 xx  【【【楼主是电视狗 暂时没空填这个坑了 但是相信我有时间一定会把它填完的好吗！】】...

                        ?(展开)",T.V.Zoe ?,力荐,604
5,战长沙,"这篇剧评可能有剧透

                        这算是我第一部认认真真看完的抗日剧。有机会去看亮剑之类的经典来对比一下吧。  ----------------------  这几天，网上没资源，作为海外党，在youtube上找到的枪版，两天时间看完了。有很多很多的感触，无从下笔，也无从叙述。  这部戏其实没有正确意义上的男女主角，是群像戏...

                        ?(展开)",菠萝头斗地主,力荐,337
6,战长沙,"这篇剧评可能有剧透

                        这里先引述一段《电视剧》杂志对编剧曾璐的独家专访：“人物需要一种成长。我们写剧本的时候是把顾清明和薛君山作为一体两面来写的，他们本来就是互相照应的角色，采用了一种埋伏笔的方法。因为顾清明和薛君山确实是代表着不同家国观念的人，薛代表的胡家是过日子的人，他们就...

                        ?(展开)",Allegra,力荐,408
7,战长沙,"1.首先要说的就是国民党政府的“焦土政策”。 国民党李宗仁曾在发表的文章中提到“举国一致，痛下决心，不惜流尽最后一滴血，更不惜化全国为焦土，以与侵略者做一殊死之抗战。”  2.“一处失慎，三起放火” 13日凌晨2时许，长沙南门口外的伤兵医院突然起火，警备司令部参谋长许...

                        ?(展开)",Franchi,推荐,248
8,战长沙,"7月20日《战长沙》编剧之一的曾璐曾到战长沙吧，专门回复了一些问题，现整理如下：  问题1：想问编剧为什么要这么早就安排姐夫的离开呢 ？姐夫梦到平安的时候是否是姐夫离开时的伏笔？  答： 姐夫牺牲是难以避免的。曾经有军人接受民国报纸访问，记者说：“你想过抗战胜利以后...

                        ?(展开)",焰,力荐,269
9,战长沙,"这篇剧评可能有剧透

                        对于民国剧，我一直没怎么涉猎。可能民国剧不是狗血剧情就是悲惨结局，让我敬而远之。        我对真正的民国剧以及抗日剧都停留在《大宅门》《闯关东》《亮剑》诸如此类的央视剧集里。        战长沙片花的意外入眼，让我在开始就十分期待这部剧，果然没辜负我的希望。相信在...

                        ?(展开)",致太二,力荐,227
10,战长沙,"这篇剧评可能有剧透

                        该剧中，男人作为一个群体所呈现出来的众生相可谓丰富多彩，值得推敲。一场战争激发了他们人性中最勇敢的部分，也消除了他们内心的懦弱，让男人们从后方的“安乐窝”走向残酷的战场，保家卫国的意识从此觉醒。虽然男人是驰骋在战争前线的主力军，但女人作为大后方，其力量同样...

                        ?(展开)",敏莉Lily,力荐,63
11,战长沙,"一、湘湘的婚服 湘湘两次穿婚服，一次是1938年底文夕大火发生的那天，一次是1941年底国民党军击退日军之后。 不论是文夕大火，还是方先觉部队坚守长沙南门的那场苦战， 对这座有着几千年历史的古城，都是不能避开的一笔。 小人物的命运，由此和历史相连。  湘湘订婚那次，不论...

                        ?(展开)",焰,力荐,267
12,战长沙,"顾清明具备了一切男主的光环，光夸人长得一表人才都太肤浅了，人家可是真正的实力派，一直在用行动诠释着什么是学贯中西文武双全。一封骈体文格式的《告长沙工商联书》写得洋洋洒洒言辞恳切义理灼灼，端得是好文采；德国军校毕业生的军事素养是城防布局了然于胸街道巷陌熟门熟...

                        ?(展开)",工藤新一的猴子,力荐,82
13,战长沙,"这篇剧评可能有剧透

                        湘湘在郴州街上找清明，低头看着照片，听到背后传来熟悉的声音：他会没事的。 是小满，她的双胞胎弟弟。 ：你的脚怎么了？ ：磨破了。 小满的话很短促，他笑着看着姐姐，这个笑，不是原来的他那样不懂事、闯祸后讨饶的笑，这个笑，是他一天之内经历爸爸被日本人杀死、奶奶被汉...

                        ?(展开)",Banyan,力荐,173
14,战长沙,"A.看人不能只看脸，看剧不能只看名  如果盘点“那些不能因为名字难听就错过的影视剧”，《战长沙》绝对金榜题名么么哒。看到这名字，我这种从小就好好上音乐课的孩子，立刻就想起了京剧入门歌曲《学唱脸谱》好么，“蓝脸的窦尔敦盗御马啊~~~红脸的关公战长沙~~~~~”  这名字真...

                        ?(展开)",Miss歪,力荐,169
15,战长沙,"好久没看到这样让我心动的cp了，上一次是去年的这个时候听见你的声音，果然夏季是恋爱和心动的季节~不对，夏季是别人恋爱的季节。  长官夫妇萌萌哒，我记得这卡司12年刚出来的时候差点没喷饭，相差12岁还能不能好好恋爱，我深深忧愁过。事实就是年龄差萌一脸，女大男10岁可以上...

                        ?(展开)",小夕在流浪,力荐,151
16,战长沙,"焦土抗战”口号为反对不抵抗和消极抗战而生。应该说，“焦土抗战”之所以会成当时国人的共识，实在是因为当时敌强我弱之际，于种种主张当中其乃最悲壮、最能激发民族志气、彰显民族精神的口号。 “焦土抗战”政策整体上还是成功的。尽管蒋介石对“焦土抗战”的理解和执行与李宗...

                        ?(展开)",Gising,力荐,46
17,战长沙,"这篇剧评可能有剧透

                        极少写长评，但把第一篇献给《战长沙》，盼上星。                         ――――――――――――――――――――――――     在被蜂涌不尽的抗战剧占领电视荧屏的今天，只在地方台播出并被交口称赞的《战长沙》无疑让人耳目一新，惊喜不断。    且看导演的选角儿阵容就...

                        ?(展开)",joiedevivre,力荐,152
18,战长沙,"先说点外围的，看片尾字幕，发现是山东影视剧中心拍的，有种顺理成章意料之中的感觉。自《闯关东》知道他们，印象里是擅长拍家族史诗的，风格很正，精品率比较高。《战长沙》讲长沙胡家人抗战时期的颠沛流离，不过两个女婿是当仁不让的主角，将生活细节和幽默夹杂在剧变惨烈的...

                        ?(展开)",浮云客,推荐,117
19,战长沙,"这篇剧评可能有剧透

                        不以大场面抢收视，不用刻意煽情赚眼泪，不靠炒作雷点博眼球，这样的现实主义战争剧集，在如今的荧屏上可真的算是凤毛麟角。 战长沙，一个平实的剧名，引出的却是一场久违了的让人欲罢不能的好戏。  成长 在胡家所有的孩子中，双生子是最特别的存在。湖南话中的“满崽”寓意最...

                        ?(展开)",Pluto,推荐,134
20,战长沙,"姐夫是一个形象很饱满的人。好丈夫，好姐夫，作为家人没的说。但是作为处长，贪污，吃回扣，开烟管，抽成，以权谋私，也算是够黑的了。放在现在就是大贪官。另外，姐姐和医生青梅竹马，是被他活生生拆散的。大家不能因为姐夫对姐姐好，就觉得逼婚是好事啊！三观还是要有的。我...

                        ?(展开)",翻的走开,力荐,31
21,战长沙,"这是我唯一一部因为剧而看的剧，以前看剧都是冲演员看，然而霍建华和杨紫都不是我看剧的因素，但是这部剧好到我不看演员也要追。 印象最深刻的就是女主姐姐和姐夫因为长时间打仗而分开，结果产生了嫌隙，后来姐姐怀孕，他居然怀疑这孩子不是他的。姐夫执意送姐姐去乡下产子，因...

                        ?(展开)",小女子无以为报,推荐,36
22,战长沙,"这应该是为数不多的中国抗日战争片中毫不犹豫想要打五星的电视剧。 不虚假，不夸张，把国家与小家很好的融入在一起，我甚至都深深的记得花2天时间一口气将他看完时泪如雨下的情景。 这部剧是一个配角人物都展现非常成功的片子，那个家中顶梁柱一般存在的姐夫，那个和姐姐一起打...

                        ?(展开)",薛定谔的喵,推荐,36
23,战长沙,"随着剧情的深入，我沉浸在其中恍惚身临其境，感叹着“可怜河边无定骨，尤是深闺梦中人”，流着眼泪看完了电视剧《战长沙》，内心涌动着一股不得不提笔一诉衷情的冲动。 这是我近年来看过的一部非常优秀的军事文学作品。它不是流俗的披着战争外衣的言情剧，也不是以战争为幕布繁...

                        ?(展开)",爱哭的女王,还行,21
24,战长沙,"感受特别深的就是一家人吃饭，围坐，从一开始的子孙满堂，到后来一个一个的战亡，桌子上的人越来越少。胡家的悲壮牺牲那场景骗了我不少眼泪，我的感觉是真的融入了这样一个美满的民国大家庭中去了……民国有太多值得追忆的色彩 还是忍不住 看了小说战长沙 战争 远比我们想象的...

                        ?(展开)",小慢,推荐,24
25,战长沙,"这篇剧评可能有剧透

                        还好没有错过你 ――评《战长沙》从镜头美学说起  《战长沙》3月份其实在我们上海地方台上过档，而且回头想来我当时还看到过电视剧频道的预告呢。可惜我却和他失之交臂了。因为我压根儿没正眼瞅那预告，就颇不屑地把他归类于抗日雷剧了――“呵呵，拉个台湾偶像和内地童星配戏...

                        ?(展开)",ghostalive,力荐,96
26,战长沙,"这篇剧评可能有剧透

                        《战长沙》中，男人是驰骋在战争前线的主力军，但女人作为大后方，其力量同样不容忽视。剧中各色的女性形象都个性鲜明，她们敢爱敢恨，在生活中坚持着自己的处事原则，当战争到来临时，她们毅然走出深闺，放弃了懦弱和逃避，毅然为民族大义献出自己的力量。在荧幕上，长沙女儿...

                        ?(展开)",吉静,力荐,19
27,战长沙,"10 顾清明：记住，从今以后有人问你，怕死不丢人，说谎不丢人，说了谎死不承认才丢人！  11 丢人不怕 怕的是回不来。  12 明翰：战争，那就是一场噩梦。过去的就让它过去了，毕竟我们都还活着。至少，我还有妹妹，还有毛毛；你呢，还有湘湘和念亲，这么一大家子人。。。  13 薛...

                        ?(展开)",荔枝龙眼果,力荐,25
28,战长沙,"这篇剧评可能有剧透

                        在这部剧里我看到了很多人情味，感觉很真实很贴近生活。双胞胎虽然平时吵闹不休，但出了事也是绝对支持对方的。就角色来说，哪个不是有血有肉。         我最喜欢大姐夫，纵然他为了钱倒腾外国货，私用公车拉货等等，也磨灭不了他对家人的照顾、关心、呵护。在前线上他奋勇杀敌...

                        ?(展开)",-福仔-,推荐,20
29,战长沙,"覆巢之下焉有完卵，这是一个悲伤和希望并存的故事，普通人的悲欢离合，在那个战争的背景下，显得是那么美好而真实，湘湘有一幕对着顾老的台词说的极好：“我尊重清明每个决定，我也接受任何结果，无论这结果是什么。” 这一句又何尝不是每个抗日战士家人的心声呢？国难当头，岂...

                        ?(展开)",快乐卟卟,力荐,21
30,战长沙,"这篇剧评可能有剧透

                        “你不在的时候，我一个人什么也不怕，因为我只有一个人；你在了之后，我只怕你不好好珍惜我，放弃我”――――写在前面。 她见他的第一次，望了一眼，动了心；他望了她一眼，大概是没什么感觉，继续做着他的事情。可是谁又知道这便是一段情的开始。 我一向很少看内地电视剧，...

                        ?(展开)",逆风的香,力荐,103
31,战长沙,"刻画的人物都是平平凡凡的小人物，也许有瑕疵，但是都是美好的（除了小黑）。每个人都努力让家，国更好，但在战争面前又显的微不足道。原来吵吵闹闹的一大家子，一个接着一个的离开，看的很揪心，很难过。 我觉得这部剧的亮点有三个 1，剧中有家与国关系的讨论，生与死的表现。...

                        ?(展开)",顾羲,力荐,24
32,战长沙,"这篇剧评可能有剧透

                            我上一部抗日剧是什么时候看的我都记不清楚了，在近几年抗日剧完全朝神经病剧集发展的时候突然来了这么一部剧，不得不说让人眼前一亮，或者说是惊喜。     人物设定很简单，围绕胡家人而展开的故事，重点也在讲述这一大地主家庭每个人不同的命运。全剧把每个人物形象都塑造...

                        ?(展开)",啊咧啊咧～,力荐,115
33,战长沙,"这篇剧评可能有剧透

                        湘江：湘湘，别管多难，记住了，还有我，有些事情，该我这个男人来扛。 2 方先觉：走出这一步，不是我们对不起党国，是党国对不起我们。死都已矣，走上这条路，第十军活着的弟兄，今后将更为艰难。清明，各自珍重吧！ 3 胡湘湘：顾清明，前线那么危险，为什么你跟湘宁哥还要拼...

                        ?(展开)",蜜汁少女,力荐,17
34,战长沙,"这篇剧评可能有剧透

                        这样的一部剧，如果魂牵梦萦地看完，不写点什么实在有点可惜，所以纵使宅懒如我，还是在晚上打开电脑，留此长评。首先声明的是，该长评涉及大量剧透，有惧怕剧透者绕行，不过可以收藏以后看也是鼓掌建议的。  因为从事宣传工作，所以每次看到这样惊喜的好剧，我都会推荐其它人...

                        ?(展开)",江湖飘不挨刀,力荐,106
35,战长沙,"这篇剧评可能有剧透

                        已经循环两天我霍的《我会记得你》。 致每一个向死而行的生命，愿他们都能热烈地生长。 （大量剧透慎戳）         胡湘湘遇见顾清明的时候正值碧玉年华，年轻貌美不懂爱情与世故，但当她第一眼看到倜傥飒爽的顾清明，湘湘一下子蜕变成了少女。她就静静地站着望着，心生花火。那...

                        ?(展开)",五月的蔷薇,力荐,113
36,战长沙,"放一下片子中最让我动容的几句话 战争对每一个人来说 都是灭顶之灾 没有人可以置身事外超级喜欢小满，还原度很高啊 之前看到有人说顾清明不是霍建华的颜，还喜欢顾清明这个角色么，我只能说这部剧每个人的人格魅力太强了。 念台词好好听。 湘湘、小满、湘水和盛承志四人闯入军...

                        ?(展开)",蛋蛋的忧伤,力荐,30
37,战长沙,"这篇剧评可能有剧透

                        其实以前我不太喜欢看抗日剧，因为大多数剧太过于神话中国的战斗力了，倘若真如电视剧中那般，当时中国何须八年抗战?不过《战长沙》倒是有些不一样，没有神话的领导者，没有打不死的中国人，最关键的是，这部剧主要是通过一个家庭来展现抗战的艰辛的。 电视剧的开篇就在讲述胡...

                        ?(展开)",叶子的眼睛,推荐,17
38,战长沙,"应该用“识”君山还是“见”君山？思量再三，最终定板的为“识”君山。这词见意义不如识，可常言道字字珠玑，“识”字是见亦是别。文字学问皆在字面，如果所写之文无法感动自己，又如何感动他人？做文字与对人处事一般皆须投入感情，深浅效力一见便知。                  ...

                        ?(展开)",D逍〗,力荐,96
39,战长沙,"5 日本人：我听见你说月亮，我们日本也有月亮，大日本的月亮很美。  胡湘水：那你们为什么不待在日本，看你们的月亮，唱你们的童谣。  6 顾清明：但愿，从此以后没有战争了！  7 胡湘湘：顾清明，你注意安全，能跑就跑！  战长沙经典台词对白_战长沙电视剧经典语录语句汇总  8 ...

                        ?(展开)",荔枝龙眼果,力荐,15
40,战长沙,"战长沙，在央视8套播到一半的时候开始看，之后一发不可收拾，直至结局后仍深陷其中。关注豆瓣、微博与贴吧里战长沙相关内容，看到其中部分影评后，一直隐忍不发的我，按耐不住要从一个非粉丝的主观角度平反之。         观点1-“服装道具细节不够考究”，孔笙导演是处女...

                        ?(展开)",棉花枕头娃娃,力荐,49
41,战长沙,"只有在夜深人静的时候，我才有劲头上来唠唠【战长沙】。         我从来都不善于抒情，看过什么总是噎在那里，怎么都说不出来，可心里总是莫名其妙 一抽一抽地难受。          我想，好的故事也并不总是一样的好。          有的，山呼海啸，万马奔腾一般厮杀进你的脑海，...

                        ?(展开)",鞋舌不跑偏,力荐,104
42,战长沙,"这篇剧评可能有剧透

                                   对杨紫的记忆还停留在小雪的时候，后来慢慢发现小姑娘已经长成亭亭玉立的大姑娘啦。又看到宣传是和霍建华一起演，还挺好奇这么一对儿的。当看到成片的时候，最触动我的是湘湘和小满之间的感情。             身为龙凤胎的他们俩，从小两小无猜，是家里的俩大宝。湘...

                        ?(展开)",风铃草,推荐,37
43,战长沙,"这篇剧评可能有剧透

                               好几个月以前就被世博xi安利了这部历史正剧。我记得那时候我追金玉追的正欢，也因为金玉掉进了窑子霍的坑，看到关于窑子霍的东西都要去翻来看一看。那时候只知道这是一部没有上星的剧，因为全剧说的都是GMD，广电就把这剧给压下来了。网上只有480P的资源，由于对画质感...

                        ?(展开)",不信人间有白头,力荐,44
44,战长沙,"没有抗战剧的一贯神剧风格，剧情也合情合理，男女主的人设也很棒，剧里的每个人都喜欢，每个角色都立的住，老爸的古板懦弱，老妈的平凡普通，双胞胎吵吵嚷嚷不干正事，唯一喜欢的那个狡猾精明的姐夫，姐夫真的是又顾家又霸气，这个人设真的是很苏，演员也给角色增色了不少，最...

                        ?(展开)",烦烦,推荐,14
45,战长沙,"这篇剧评可能有剧透

                        战长沙还没看完，我已经按捺不住，想要给它的原作者和编剧写封感谢信了。  在一波波让妹子们燃烧的所谓“男神”的肆掠都无法改变我的无动于衷的情况下，我开始忍不住怀疑起自己的性取向来。然而薛君山这个角色的出现，难得的，让我也犯了一次花痴。  为什么呢？你说他又不帅。 ...

                        ?(展开)",闲躺,推荐,45
46,战长沙,"这篇剧评可能有剧透

                        在本剧中，小满的戏份其实是最多的，多过华哥和姐夫。当然，这也跟湘湘有关。在剧中，这一对双胞胎就是形影不离，基本上想想走哪儿小满都跟着，他就是湘湘的小跟班。之前也有吧友提到，小满是真爱湘湘，唯湘湘马首是瞻，即便是面对“暴君”姐夫，小满为了湘湘也敢豁出去。 但是...

                        ?(展开)",绿豆蛙呀哈,力荐,26
47,战长沙,"这部连续剧是多年来少见的一部成功的抗日题材连续剧，情节合理，人物饱满，背景真实，演艺到位，可大赞特赞！通过胡家在那段岁月里的喜怒哀乐悲欢离合，为我们讲述了一段波澜壮阔的感人故事，多谢编剧导演和所有演职人员。跟大家一样，我也很喜欢剧中薛君山这个人物，可喜的是...

                        ?(展开)",爱生活,推荐,14
48,战长沙,"这篇剧评可能有剧透

                                   这几天真是心无旁羁，全被战长沙吸引了，每天追剧简直是食不知味。        看过一部好剧，如果不说点什么，总觉得好像没给自己一个交代似的，所以写了这些文字，说说我的观影感受。也许没有大家写的好，但是句句都是心里话哈。       很久不追剧了，上一次完整的看...

                        ?(展开)",云淡风轻,力荐,31
49,战长沙,"不想再看第二遍了，不是说这部剧不好看，而是剧情太好看。每一次看战场杀，，心里总是有些很压抑，有一点淡淡的难过。       电视剧一开始，胡家应该是一个大家族，有好多的人，人丁兴旺。随着剧情慢慢的发展，你会看到他们一个个的在消失，心里特别不是滋味。       最一开始...

                        ?(展开)",梦游仙境,推荐,14
50,战长沙,"我承认，这几天我彻底沉迷了，已经是第5遍看全剧，而且家里特意安装了大麦盒子，便于在电视上看高清。  许多细节，看了这么多遍，还会掉泪。。。除了重温剧作，还抽空关注贴吧的帖子和豆瓣的影评。比较开心的是，几天前豆瓣的点评数还是5千多，今天已经超过8千了，而豆瓣的评分...

                        ?(展开)",云淡风轻,力荐,24
51,战长沙,"这篇剧评可能有剧透

                                一直想为《战长沙》写点什么，又怕班门弄斧，难得看到这种让国人扬眉吐气的良心剧，姑且当作又一次安利吧。  导演和摄像：你们让别的抗日剧怎么拍？         《战长沙》对镜头语言的精雕细琢已经让不懂剪辑、构图的普通观众着了迷，至于学过摄影的娃已经是自动跪在了电...

                        ?(展开)",竹飞羽,力荐,39
52,战长沙,"有人看了三集说这片子烂，结果被骂的狗血淋头，说才看了三集有什么资格说不好看，还有人说看到十集以后才好看，冲着9.6的高分我信了，坚持看到了十五集，在坚持不住的情况下咬咬牙把剧情介绍也都看完了，终于可以负责任的说一句：天地良心，真的是烂啊~~~ 没看过的有几点可以先...

                        ?(展开)",骑士精神2009,较差,61
53,战长沙,"在偌大的胡家，胡长宁实在算不上一个有分量的人。名义上，他是胡家的一家之主，在那个年代，理应在家中有说一不二的地位。但偏偏，对上，他自幼由寡母一手拉扯大，不敢忤逆；对下，这个家的经济支柱是无赖出身的保安女婿薛君山，他也不敢多嘴。有时候好不容易仗着一点酒劲想要...

                        ?(展开)",恐龙蛋,力荐,23
54,战长沙,"这篇剧评可能有剧透

                        自己喜欢的几个片段  　　1. 舍孩子的片段。  　　顾清明表示自己也愿意舍孩子给姐夫。湘湘听后反应了两秒钟后，捂脸跑开。  　　2.雷区救湘湘  　　细心的指导湘湘离开雷区。被担心的湘湘抱住的一刹那，惊讶然后笑了。  　　3.教小满用枪，在湘湘家里给桌子上油漆，修柜子的抽...

                        ?(展开)",V,力荐,61
55,战长沙,"最近很想念长沙。这个如果不是托芒果台的福没有几个外地人会知道的二线城市是我的家乡。我曾经几次想要逃离这个家乡，逃得越远越好，逃到上海读了大学，逃到纽约读了硕士，继而又留在这里工作生活。可是现如今的我在世界的首都想念那个遥远的星城，那个曾经的我认定容不下自己...

                        ?(展开)",蜗牛,推荐,8
56,战长沙,"作为刚出片花就看了不下五遍的人，从去年起就对这部片子抱有很高的期待，果然看了，没有让我失望。 霍建华穿上军装的颜真是帅到没朋友。身杆笔挺，眉头微蹙，眼里写满了忧国忧民。浑身散发着浓浓的禁欲气息，所有的外在形象都配得上他身上的标签，顾家公子，德国军校，少校，当...

                        ?(展开)",IFLOLITA,力荐,27
57,战长沙,"说起初次接触《战长沙》这部片子也纯属意外。对于霍建华，之前我并不陌生，但也仅仅是停留在路人略有好感的地步。5月份的时候得知霍建华要出演《花千骨》的白子画，而白恰恰是我读书期间看的第一部仙侠小说的男主。出于对小说的热爱，我也想多了解了解参演的演员。当时...

                        ?(展开)",且行且歌a,力荐,42
58,战长沙,"一直没有看这部片子，因为把它当做言情片了。后来在别人家偶然看了一集，知道这部片子真实，且品质不错，所以一股脑儿把它看完了。   长沙，我再熟悉不过的城市了，我住的地方叫金盆岭，是姐夫牺牲的那个地方。第十军，也曾是我尊敬和为之唏嘘的抗战队伍，虽然牺牲惨重，但他们...

                        ?(展开)",夜风,力荐,14
59,战长沙,"这篇剧评可能有剧透

                               我是为了吃顾长官夫妇的糖来看的电视剧，发微博问的这对甜不甜，全是安利说好看好看，没有一个人告诉我糖里裹着催泪瓦斯！！经过一个通宵追完，我眼睛哭肿了。        清晨看完最后一集，根本睡不着，翻来覆去脑海中浮现的全是我们的前辈在亡国的边缘浴血奋战的画面。所...

                        ?(展开)",游戏人间,力荐,10
60,战长沙,"看的评论说：我以为如果我生活在那个年代，我会是个汉奸，可是看完战长沙我就不这么觉得了。实话说，我一直也是这么认为自己的。生活在衣食无忧的年代里，总觉得哪个年代的日子我是半分受不得的。那种人心惶惶的日子，我对自己的胆量真的没信心。        其实国产很多的...

                        ?(展开)",戈壁滩,力荐,9
61,战长沙,"一开始就冲着霍建华去看的，以为是战争中一个高大的军人形象。结果这剧很大气，写了一户长沙的普通人家在整个长沙会战期间及后来的种种命运演变，每个人物的成长和选择。最后家破人亡，但也有新生力量出现，预示着希望。杨紫演得还好，就是有点闹，而且叛逆的有点莫名，演得再...

                        ?(展开)",雪,推荐,7
62,战长沙,"（把日记搬到评论里来，以后好找一点） 写于 2015-12-07 自从有了微信和高中同学恢复联系，看国产剧的程序也与以往不一样。可以一边看一边吐槽，发花痴甚至争论的如火如荼。而且可以跟着高人同学补中国历史，一同钦羡剧中或者历史上的才子，一起回肠荡气泪流不止。用这个模式，...

                        ?(展开)",Jean,力荐,7
63,战长沙,"第一顿饭，胡家人刚刚落草薛宅，一个长镜头有远及近带着我们走近这家人：吵吵闹闹的双胞胎、文人迂腐的岳老子、目无尊长的女婿，一家人生活的充满烟火气。战争好像就在屋外，但每个人都在，战争又与我何干呢？        第二顿饭，胡家得两贤婿“出征在即，我们都要活着...

                        ?(展开)",明日好景,力荐,10
64,战长沙,"期待在该剧中感受抗战中三战长沙力挫日寇以及“文夕大火”等宏大且悲壮的历史场景完全被落空了，对宏大事件浮光掠影似的走马观花的拍摄手法和基本纠缠于儿女情长的剧情套路，我完败了。远不如《记忆之城》中对重庆抗战尤其是重庆大轰炸的历史展现有历史感和厚度，尽管后者...

                        ?(展开)",海子,较差,20
65,战长沙,"评论说不错，有时间看看，个人还是比较喜欢抗战题材作品的，只要不是太雷人的抗战题材剧都喜欢看，尤其爱看潜伏谍战类型，虽然没有战场浴血的激情，确是要有勇有谋才行，虽然没经历过战火与潜伏，但是不能忘记先烈浴血奋战的历史，因为这些英雄我们才有现在和谐生活，最后说句...

                        ?(展开)",丑小鸭cxy,推荐,41
66,战长沙,"这篇剧评可能有剧透

                        这只是吐槽贴，剧透预警！  被安利后速度刷完，这明明是一部带着无数猪脚光环的家庭剧，前面冗长拖沓，孩子闯祸大人包庇看得我郁闷死了。我就从几个方面简短吐槽下下，  1. 人设          开头俩熊孩子真是熊啊我都觉得有些恶作剧太过了让人无法接受，什么怂恿孩子偷军备物资，...

                        ?(展开)",我不是,还行,23
67,战长沙,"这篇剧评可能有剧透

                        1. 湘君怀念君山 “君山，你一直提心吊胆，怕我瞧不上你。” “其实你不知道，没有谁比你更好。” “我没有说，是因为我不好意思开口。而且，我说了你也不会相信。” 湘君轻轻抚摸着薛君山的遗像说出这番话。 对于湘君，薛君山这个丈夫并不完美，而且远不算完美。 所谓爱情，千...

                        ?(展开)",岚若,力荐,51
68,战长沙,"这篇剧评可能有剧透

                        终于看完了战长沙，几乎是每天熬夜刷的，后面的几集没有不流泪的，我这一年的眼泪估计都奉献给这部剧了。看完之后那种心痛仍然挥之不去，我躺在床上沉默良久，脑袋里回荡的都是那一个个鲜活饱满的生命 和他们向死而生的勇气，全剧只用一些平常人家的琐事，来勾勒出战争的框架，...

                        ?(展开)",一直祝。,力荐,9
69,战长沙,"第一次在豆瓣评分，最初是看琅琊榜，觉得是制作精良的良心剧，于是回头补伪装者，最近看欢乐颂的时候总有人安利这部战长沙，于是心血来潮熬夜两天一口气看完哭完，才发现最爱最感动的是这部。当初怎么会错过这么好看的电视剧，也许是粗制滥造的抗日神剧太多，让人一看到是战争...

                        ?(展开)",kasei,力荐,8
70,战长沙,"年纪大了，看不起电视剧了。我说的是恰对我口的电视剧，开了电视那么多过眼的自然不算，我辣么严苛的人怎么可能这么好应付（欠抽是不，容我自恋一下下。 可说回来，能进心的电视剧，真不多。自己好哪口，总归还是晓得一点。打个不恰当的比方，人群里放眼望去，中意的那个人，我...

                        ?(展开)",白兔糖果渣,力荐,13
71,战长沙,"唯一一部让我刷了十遍的剧，可能未来还会再刷。从高中看到大学，每看一次感受都有所不同，越来越发现剧中的情感线和战争背景以及系列的用心，前几日在B站上看到忍不住又刷了一遍，但是打开弹幕被有些别有用心的人吓了一跳，我也突然发现这部剧从原来豆瓣9.4（记忆误差±0.1）的...

                        ?(展开)",一心只爱说实话,力荐,8
72,战长沙,"这篇剧评可能有剧透

                        这是我第一次写长评，不为别的，就因为这部剧从各方面都深深地打动了我。 全剧一共32集，花了三天看完，心中感慨万千。 这部剧大约有两条线索，一条是湘湘与顾清明的感情经历，另一条是三次长沙守卫战。 剧情部分，开头略有冗长，节奏稍慢，中间到最后节奏一直十分紧凑，也说得...

                        ?(展开)",逗号后面没有了，,力荐,5
73,战长沙,"初闻《战长沙》，脑海中一下闪过那些年我看过的抗战剧。除了“手撕鬼子”这种经典的科幻情节，这些抗战剧刻画出的各色抗战英雄，要么是完美至上的救世主，要么是虽然文化素质低但是却有如神助般的拥有军事天赋的草根们，市场一味的跟风和重复早就让人觉得兴趣索然。 相信因为霍...

                        ?(展开)",非鱼,力荐,8
74,战长沙,"这篇剧评可能有剧透

                        第一次写影评，只是想为自己喜欢的剧留下些什么，讲的不到位的地方，各位大神请见谅，轻喷・・・・ 看了第二遍了，感情线真的缓慢而细致。 一些人诟病霍建华杨紫演技不好，但是细致的看了第二遍，真的觉得他们很用心的在展现自己对角色的理解。可能每个人对于细节和角色的理解...

                        ?(展开)",忽然之间,力荐,9
75,战长沙,"这篇剧评可能有剧透

                        时隔两年，才看完了战长沙，一直对抗日剧没有什么兴趣，又加上这正经的不能再正经的名字，让我隔了两年才真的下定决心看了这部剧，最后也没有让我后悔，反而感觉幸亏我看了这部剧，幸亏我没有错过这部剧。 当然老干部的颜值摆在那里，也让我必须看完这部剧。         虽说它的...

                        ?(展开)",青豆,力荐,8
76,战长沙,"无聊找剧看，豆瓣这么高的评分而好奇撸撸，哪知根本停不下来。  还记得某次和一位湖南朋友聊起我特别喜欢吃常德米粉。它既不像桂林米粉是圆粉，喜欢加酸，也不像云南米线太细，也不是江西米粉太硬。朋友说，常德，你可知道抗日时候，那里可是被打光了，人全死了呢。我却全当玩...

                        ?(展开)",sunshine night,力荐,6
77,战长沙,"这篇剧评可能有剧透

                            我就知道，最后肯定哭着不像话。妈妈今晚不在家里吃饭，一股脑把最后四集全部看完。泣不成声。     9.2的高分，我想不是水军刷出来的，也不是因为霍建华的颜。而是《战长沙》本身，它毫不辜负每一句赞誉。包括顾长官在内，这部剧中的每一个演员都值得我们致敬。一帧帧、一...

                        ?(展开)",CherieZoé,力荐,22
78,战长沙,"“请问你见过这个人吗？他是第十军的驻军参谋，他叫顾清明。” 湘湘终是没能在人t里打听到顾清明。出现在她眼前的那张熟悉的面孔，是顾绍桓。 顾绍桓，他是家里的独子，本是应该继承自己父亲的衣\，在商场上叱诧风云，但他却不要走父亲给他安排好的路，偷偷跑去念军校，自此...

                        ?(展开)",默默陌陌的兔兔,力荐,26
79,战长沙,"这篇剧评可能有剧透

                        顾清明说：战争，对于每个人都是灭顶之灾，任何人都不能置身事外。   无法幸免的时代，离恨别苦的时代，却也是最能谱写英雄故事的时代，也是见证一个家族故事的时代。也正是这个时代，如洪流推动每个人的命运。  大时代的推动下，小人物家庭的悲欢离合，写尽无限悲凉和温情。剧...

                        ?(展开)",清飘扬絮,力荐,28
80,战长沙,"熬到昨天看了大结局，是这几年看到的影视剧里最让我震撼的结局。之前自己会有担心，怕结局虎头蛇尾，毕竟主要配角连续的牺牲俨然成为不能承受之重。但是当我真正看到了大结局，仿佛每个人都得到了该有的归宿，当战争结束，浩劫过去，重拾生活的希望，无论经历过多少伤痛，都不...

                        ?(展开)",长官好才是真的,力荐,44
81,战长沙,"我明明是的泪点很高的人啊！(并没有好么！←_←)可是我简直就是哭着看完最后几集的。没有说痛哭流涕那种，就是眼泪水一直流一直流，觉得好心疼好心疼。 剧里的每一个人物都好出彩，尤其是姐夫！反而让湘湘和绍桓这两个几乎纯正派角色(主角！？)有点失色。人物出彩除了演员真的...

                        ?(展开)",呆呆,力荐,4
82,战长沙,"这篇剧评可能有剧透

                               剧中每个人物都是多面的，下面就是对于每个人物的看法； -------胡小满------       最令人意外的应该是胡小满这个角色了，剧中的胡小满很机灵却不能成大事，很能闯祸，但是却不是一个勇敢的承担着，如果不是30集他开抢打死了小黑，可能还真没什么光环和转变而言，他对...

                        ?(展开)",ACE,力荐,3
83,战长沙,"这是一部难得的！难得的情怀之作！强推！强推！强推！ 一部从国军视角讲述那个战火纷飞的年代保卫家国天下大意的作品。没有刻意抹黑，没有过度的渲染。平实，纯粹。 与其他所有的抗战剧不同，没有特工，没有卧底，没有党派倾轧，仅仅从一家人的故事入手，以小见大，描述平凡人...

                        ?(展开)",浮世绘,力荐,4
84,战长沙,"看战长沙我问我姥姥，如果我们现在打仗了，你同意我们去当兵吗？姥姥说不同意。她说老人都自私。同样的问题问妈妈，她说同意呀，就算在家，也有可能会死，去战场上也没准能活下来，没有国哪来的家啊。其实我能理解大爷爷不让湘平出去，薪火相传的一代代人才能组成国。我也能理...

                        ?(展开)",砂糖桑,力荐,5
85,战长沙,"这篇剧评可能有剧透

                        继《太阳的后裔》烂尾后，默默翻出2014年的《战长沙》，本来只是想把这部一直被安利，从来没打开过的抗日良心剧请出收藏夹，没想到竟然不知不觉间就被霍老干部给圈粉了。。。之前一直觉得他是走偶像小生玛丽苏男主路线的，没想到一脸正气、追星逐月、保家卫国的时候，真心可以...

                        ?(展开)",凡尘,力荐,11
86,战长沙,"在奔着孔笙导演的大名，奔着正午阳光的名头，才看了这部我不怎么喜欢的题材电视剧。看完之后，只能说是盛名之下，其实难副。  编剧的立意是从普通的一个老百姓家庭的视角出发，来体现动荡的社会和战争给人带来的改变和成长。在刚开始的几集，剧情还是挺吸引人的，胡家男女老少...

                        ?(展开)",幽梦翎潇,还行,6
87,战长沙,"去年在电视上看过一片段，应该是开始的一集，日本第一次轰炸长沙，胡家人住进了薛宅，当时觉得此剧画面很有质感，对此剧印象还挺好的。之后又在电视上看了一片段，当时不知道是第几集（现在知道是第31集），就是大爷爷死在仁德堂的那片段，单看觉得很是震撼，以为些剧...

                        ?(展开)",凯琚,还行,26
88,战长沙,"这篇剧评可能有剧透

                         对于写长影评，我的灵感通常很奇怪，对于我喜欢的剧有些可以洋洋洒洒写一大篇，但有的剧喜欢了很多年，也重温过好几次，但却一篇也写不出，在看完《战长沙》第一遍时我就想写些什么，但还是没写出来   其实我遇上喜欢的剧和电影都很少推荐给人，自己一个人花痴，用新学来的一...

                        ?(展开)",玫瑰水母,力荐,6
89,战长沙,"这篇剧评可能有剧透

                        还是那片芦苇荡，那一亩亩金黄的、百年积攒的稻田，那栋曾经温暖鲜艳今后也将是的小楼，那座曾毁于一旦却重归繁华的城市。 车子缓缓驶入长沙城，带着不可言说的悲伤迈进门槛，看到的不是满目苍夷，映入眼帘的是鲜艳的染布随风而起，胡父曾心心念念的树重获生机。 一切都在继续...

                        ?(展开)",一弦一柱思华年,力荐,7
90,战长沙,"一眼万年。最初的最初，隔着汹涌人潮胡湘湘和顾清明对视的那一眼便一切尘埃落定了。对湘湘来说清明绝对是那穿过人海直接命中心脏的惊艳一枪。对于我来说，顾清明也是这部剧中对我一击即中的那个人物。  顾清明这个角色是一个疏离于剧中所有其他人的角色。对于千年古城长沙，顾...

                        ?(展开)",夏晓醉,力荐,3
91,战长沙,"这部剧以四次长沙保卫战为背景，但并没有刻意描述一个有三头六臂的大英雄，而是把战争下每个人物都刻画的有血有肉。刚开始看了几集，感觉湘湘和清明，大小姐和公子哥，出现在抗战剧里，真是格格不入。可是现在他们的角度想想，一切表现又是那么自然。湘湘和金兰不同，她有人宠...

                        ?(展开)",北京青年,力荐,3
92,战长沙,"孔笙导演最擅长的以小见大，从抗日战争时期一个普通家庭的兴衰成败映射出整个中国普通百姓的生活精神面貌，可以说群戏里各个人物都非常出彩。感情戏部分两条线并行，姐姐姐夫的一条线是细水长流，湘湘长官的感情部分则是黑暗战争中最温暖的一部分，让人看到了希望。可以说是我...

                        ?(展开)",不会起名字啊,力荐,3
93,战长沙,"这篇剧评可能有剧透

                        战争啊，对于每一个人来说都是灭顶之灾。这部剧没有过多地战争场面，却让观众与剧中人物一起饱尝战争之痛苦。导演和编剧太厉害，让我们爱上每一个胡家人，于是痛心于他们一个接一个的离去。这部剧抓人的元素太多，有热血专情的富二代霍霍，有狡黠聪明会来事儿，对姐姐一心一意...

                        ?(展开)",菠萝的海盗船,力荐,2
94,战长沙,"今天偶然打开电视，正好看到甘肃卫视在播战长沙，看到十八营营长发的最后战报“今生有幸同褓，来世再见”瞬间泪水充满眼眶。战长沙系统看过三遍，精彩片段不知道看了多少遍，每次看都会特别伤感，铭记前辈的付出和牺牲，珍惜现世安稳！     一直想写战长沙，可是每次都放...

                        ?(展开)",敏敏,力荐,5
95,战长沙,"文/坐听落花  直面惨烈的战争，对于生活在安稳现世的人，无疑是一次激烈的心理挣扎，感同身受在那人间炼狱的年代，人们的水深火热，煎熬绝望。  对于战争直接的描述和表现，固然可以用血肉横飞、英雄豪气来表现，但总是以一种仰视、崇拜、想象的心态，感受更多的是震撼、愤慨，...

                        ?(展开)",坐听落花,力荐,3
96,战长沙,"长这么大了，我从不看抗日题材剧，以前在家看电视一看到是抗日剧就立刻换台直接跳过喵都不瞄一眼，特别是某段时间电视上全都是抗日剧，我就觉得特反感！但是《战长沙》32集，我一集不漏的，没有快进耐心的看完了，真的太赞了，说它是抗日剧中的唯一良心剧一点也不为过，剧情催...

                        ?(展开)",豆包小,力荐,4
97,战长沙,"这篇剧评可能有剧透

                               本着对山影和孔笙导演的信任开始试着看剧，怎么也没想到一部抗日正剧能让我熬夜刷把自己看的稀里哗啦的。没有共产党，没有血腥画面，没有大谈爱国主义，甚至整部剧日本人的戏份也没多少。       从一个家庭的视角出发，整部剧真实的有些可怕：一身文人穷酸气把士大夫精...

                        ?(展开)",安西内拉梅东,力荐,5
98,战长沙,"“每一个向死而行的生命都热烈地生长。”――《战长沙》。     很久木有写长评的冲动了，但观战长沙后只觉千言万语不吐不快。郑重向各位安利此剧，第一这是2014豆瓣评分最高9.2的大陆剧，第二这是独一无二没有我党的抗战剧，第三这是为数不多让我愿意陪我家小胖二刷的良心...

                        ?(展开)",心月翎汐,力荐,9
99,战长沙,"被评分骗到了…霍建华粉丝也忒多了。这种以小见大的思路很好，有些气氛渲染很不错，尤其是长沙着火那段… …还有，遇到鬼子女主只要傻站着还会有各种炮灰来挡枪子…各种大吵大闹完全像个泼妇，最没看懂的是男女主感情戏，她们结婚就是为了给姐姐生个孩子，也是莫名其妙。姐夫刚...

                        ?(展开)",采蘩,还行,16
100,战长沙,"其实看这个电视是陪我老公看的，看着看着我比他还入迷当时就是一天几集的追， 一开始顾清明的高冷还有湘湘的单纯调皮，感觉角色设定不适合战争片哈哈，就是偶像片的开头哈哈，现在的战争片都夹杂着爱情偶像片，好吧，其实我就是看颜，帅哥和萌妹子，， 姐夫的角色也很喜欢，表...

                        ?(展开)",Laugh80姐姐,推荐,12
101,战长沙,"《战长沙》的评分特别高，达到了9.3分，这在国产剧之中还真是神作。 当然，看了32集，感动过，欢笑过，幸福过，温暖过，这的确是一部超出水平的作品，不过我的确有一些自己的看法，首先，我不知道取这个名字是为了收视率还是怎么的……但我觉得，如果叫《长沙往事》之类的可能...

                        ?(展开)",井上多罗,推荐,11
102,战长沙,"在豆瓣上看到友邻推荐《战长沙》，进入豆瓣该剧页面看了一下，评分很高，下面评论里也是好评如潮。心想，国产抗日剧一向雷人，这部剧既然评价那么高，应该有独特之处，于是开始在油管上看。头两集看得觉得没意思，都想弃剧了，可是坚持了几集后，一发不可收拾，用一周的时间把...

                        ?(展开)",weldom,力荐,12
103,战长沙,"如题，32集我花了2周看完，实际上，要不是豆瓣上高达9.1的高分，我是看不下去的。并不是说这部剧差，而是要比较才能分上下。   首先，我来讲一下这部剧的优点吧，像很多历史剧一样，这里面的胡家构造的非常好，这点要首肯，家族的脉络，情感，隔阂，体现了一些那个年代的常态，...

                        ?(展开)",David,还行,5
104,战长沙,"这篇剧评可能有剧透

                        没有在那样的年代生活过，怎么会懂得战争的残酷。没有人能置身事外，没有人能明哲保身。战争片太多，缅怀活动不断，但我一直不知道如何去看待这段残酷而悲壮的历史。 薛君山，感触最深的人。 他与湘君的爱情，开始于另外一个悲剧。因为喜欢湘君，就利用职务之便将她的爱人关进...

                        ?(展开)",小仙女阿楠,力荐,2
105,战长沙,"这篇剧评可能有剧透

                        午休的时候没舍得睡觉，泪眼婆娑地看完最后一集。两个多月以来的追剧终于画上句号，谈谈这部剧的感受吧。 “家”和“国”的关系，看红色剧长大的我似乎从小就认定个人利益是要让步于集体利益，小团体利益也要让步于大团体利益的，这些似乎铁一般深深扎根在我脑海里的信念之前从...

                        ?(展开)",Tiburón,力荐,2
106,战长沙,"看了两遍的剧，第一遍看了剧情，第二遍看了细节。。。没有很夸张的讲军人的个人能力，从一个小家的变迁反应时代的变化，从小人物的身上表现当时人们的心理变化。。从这部剧喜欢上了很多演员。。喜欢湘湘和小满的日常拌嘴。喜欢妈妈和爸爸的磕磕绊绊。喜欢姐姐和姐夫的慢慢流淌...

                        ?(展开)",自画像,力荐,2
107,战长沙,"这篇剧评可能有剧透

                        好作品总归给人留下一些不可磨灭的记忆，印刻在脑海深处，常常记起，这部戏于我而言那个记忆就是姐夫，想起他总会感觉酸酸的难受。 我是真喜欢姐夫啊 刚看完电视剧心情还难免有点不平静，先挂一张大合照，等我找个时间再刷一遍，好好说说薛君山，这个全剧我最喜欢的男人。 ――...

                        ?(展开)",爱因牛顿-霍金,力荐,4
108,战长沙,"花了十几天的时间终于二刷完战长沙，依旧痛到无法呼吸，没有那么多英雄主义与豪情壮志，通过胡家一家人来反映战争带给人们的惨痛，真庆幸我们生活在和平时代，湘水、平安、姐夫、小穆、小弟、湘君、岳老爷子、金凤、湘母、十奶奶、大爷爷、小满崽子包括汪老板每一个人死的时候...

                        ?(展开)",晓梅、,力荐,2
109,战长沙,"这篇剧评可能有剧透

                        剧情5颗星 演技5颗星 前期一般，但看下去就发现，一包纸巾都不够用，小家的变迁见证了大时代下，普通人的无奈，满屏的泪点，开篇充满欢颜笑语的家庭到剧结束就只剩下三个人，平安，姐夫，湘君姐姐，爸爸，妈妈，奶奶，小满，战争将他们都带走了，时代的悲伤，想想眼泪就留下来...

                        ?(展开)",你被窝拉黑了,力荐,2
110,战长沙,"这篇剧评可能有剧透

                         《战长沙》是一部悲剧。它和其他抗战片最大的不同，在于它讲的是一场失败的战役，这也是让我感到欣喜的地方。其他抗战片有太多的胜利，太多的手撕鬼子，太多的骁勇善战的中国人和懦弱无能的日本鬼子，而这部剧中有贪污腐败的政府，有发国难财的官员，有只求保命的士兵，更重要...

                        ?(展开)",羽落,推荐,97
111,战长沙,"知乎上有人点评伪装者和战长沙，私以为，战长沙比伪装者多了想要表达的“神”，一气写了这么多，索性转过来，当长评。            战长沙能把我带入剧情，去悲，去喜，去理解战争。起初，胡家双胞胎站在观众的心里上，觉得战争很远。然后战争接连伸出獠牙，第一个是对...

                        ?(展开)",coco,力荐,3
112,战长沙,"这篇剧评可能有剧透

                        同样是山影团队打造的一个精作。 反复看过多次，和不同的群体，不同的角度。聊过太多。这部剧的演员选的本身就很有话题。并且竟然和谐的融入人物设定中，给整部剧添色不少。可圈可点的东西太多。在这个每年众多新剧跌出的年代，剧已经算得上是老剧了，已经有太多的大神，做过太...

                        ?(展开)",桃豆子,力荐,3
113,战长沙,"《战长沙》之所以是一部良心剧，是因为它真实地反映了长沙地区抗日时期的背景。有当红演员，但不是一味的偶像剧；是虚构的小人物的情节，但所依托的历史环境又是非常真实的。只z是，因为某些原因，人们对中国抗战的主要战场湖南抗战、对长沙抗战、衡阳抗战，对在抗战中几乎全军...

                        ?(展开)",夜风,力荐,4
